_id,Time,Device_ID,Device_Name,Latitude,Longitude,Location,TTN_metadata
1,2021-05-07T13:44:04+10:00,dlb_atm41_5282,DLB ATM41 Charlestown Skate Park,-32.96599,151.69513,"-32.96599,151.69513","{""location_source"": ""registry"", ""data_rate"": ""SF7BW125"", ""modulation"": ""LORA"", ""longitude"": 151.69513, ""coding_rate"": ""4/5"", ""frequency"": 923.2, ""gateways"": [{""gtw_id"": ""eui-00800000a00065f4"", ""timestamp"": 1635873427, ""altitude"": 36, ""longitude"": 151.64313, ""rf_chain"": 0, ""snr"": -1.8, ""time"": ""2021-05-07T03:44:04.409611Z"", ""latitude"": -32.97121, ""rssi"": -119, ""channel"": 0}, {""gtw_id"": ""eui-00800000a00065fa"", ""timestamp"": 3103001763, ""altitude"": 49, ""longitude"": 151.64545, ""rf_chain"": 0, ""snr"": 4.8, ""time"": """", ""latitude"": -32.93296, ""rssi"": -107, ""channel"": 0}, {""gtw_id"": ""eui-00800000a00034d2"", ""timestamp"": 270522603, ""altitude"": 127, ""longitude"": 151.71448, ""rf_chain"": 0, ""snr"": 8, ""time"": ""2021-05-07T03:44:04.409604Z"", ""latitude"": -32.97853, ""rssi"": -111, ""channel"": 0}, {""gtw_id"": ""eui-00800000a00026ba"", ""timestamp"": 9633883, ""altitude"": 124, ""longitude"": 151.69385, ""rf_chain"": 0, ""snr"": 9.8, ""time"": ""2021-05-07T03:44:04.409598Z"", ""latitude"": -32.96715, ""rssi"": -73, ""channel"": 0}], ""time"": ""2021-05-07T03:44:04.452911104Z"", ""latitude"": -32.96599}"
2,2021-05-07T13:34:05+10:00,dlb_atm41_5282,DLB ATM41 Charlestown Skate Park,-32.96599,151.69513,"-32.96599,151.69513","{""location_source"": ""registry"", ""data_rate"": ""SF7BW125"", ""modulation"": ""LORA"", ""longitude"": 151.69513, ""coding_rate"": ""4/5"", ""frequency"": 922.4, ""gateways"": [{""gtw_id"": ""eui-00800000a00065fa"", ""timestamp"": 2503863515, ""altitude"": 52, ""longitude"": 151.64545, ""rf_chain"": 0, ""snr"": 6, ""time"": """", ""latitude"": -32.93297, ""rssi"": -109, ""channel"": 3}, {""gtw_id"": ""eui-00800000a00034d2"", ""timestamp"": 3966351779, ""altitude"": 128, ""longitude"": 151.71446, ""rf_chain"": 0, ""snr"": 8.2, ""time"": ""2021-05-07T03:34:05.270712Z"", ""latitude"": -32.97856, ""rssi"": -97, ""channel"": 3}, {""gtw_id"": ""eui-00800000a00026ba"", ""timestamp"": 3705463187, ""altitude"": 134, ""longitude"": 151.6939, ""rf_chain"": 0, ""snr"": 8.2, ""time"": ""2021-05-07T03:34:05.270712Z"", ""latitude"": -32.96712, ""rssi"": -73, ""channel"": 3}], ""time"": ""2021-05-07T03:34:05.293569006Z"", ""latitude"": -32.96599}"
3,2021-05-07T13:24:10+10:00,dlb_atm41_5282,DLB ATM41 Charlestown Skate Park,-32.96599,151.69513,"-32.96599,151.69513","{""location_source"": ""registry"", ""data_rate"": ""SF7BW125"", ""modulation"": ""LORA"", ""longitude"": 151.69513, ""coding_rate"": ""4/5"", ""frequency"": 923.4, ""gateways"": [{""gtw_id"": ""eui-00800000a00065f4"", ""timestamp"": 442073003, ""altitude"": 37, ""longitude"": 151.64316, ""rf_chain"": 0, ""snr"": 2, ""time"": ""2021-05-07T03:24:10.608146Z"", ""latitude"": -32.97122, ""rssi"": -119, ""channel"": 1}, {""gtw_id"": ""eui-00800000a00065fa"", ""timestamp"": 1909201563, ""altitude"": 48, ""longitude"": 151.64546, ""rf_chain"": 0, ""snr"": 4.2, ""time"": """", ""latitude"": -32.93297, ""rssi"": -117, ""channel"": 1}, {""gtw_id"": ""eui-00800000a00034d2"", ""timestamp"": 3371689963, ""altitude"": 130, ""longitude"": 151.71448, ""rf_chain"": 0, ""snr"": 9, ""time"": ""2021-05-07T03:24:10.608133Z"", ""latitude"": -32.97857, ""rssi"": -105, ""channel"": 1}], ""time"": ""2021-05-07T03:24:10.636412134Z"", ""latitude"": -32.96599}"
4,2021-05-07T13:14:09+10:00,dlb_atm41_5282,DLB ATM41 Charlestown Skate Park,-32.96599,151.69513,"-32.96599,151.69513","{""location_source"": ""registry"", ""data_rate"": ""SF7BW125"", ""modulation"": ""LORA"", ""longitude"": 151.69513, ""coding_rate"": ""4/5"", ""frequency"": 922.8, ""gateways"": [{""gtw_id"": ""eui-00800000a00065f4"", ""timestamp"": 4136391084, ""altitude"": 38, ""longitude"": 151.64317, ""rf_chain"": 0, ""snr"": -7.2, ""time"": ""2021-05-07T03:14:09.958475Z"", ""latitude"": -32.97121, ""rssi"": -120, ""channel"": 5}, {""gtw_id"": ""eui-00800000a000656c"", ""timestamp"": 39708692, ""altitude"": 9, ""longitude"": 151.65742, ""rf_chain"": 0, ""snr"": -7.2, ""time"": ""2021-05-07T03:14:09.958507Z"", ""latitude"": -33.08056, ""rssi"": -115, ""channel"": 5}, {""gtw_id"": ""eui-00800000a00065fa"", ""timestamp"": 1308552532, ""altitude"": 50, ""longitude"": 151.64545, ""rf_chain"": 0, ""snr"": 7.2, ""time"": """", ""latitude"": -32.93296, ""rssi"": -111, ""channel"": 5}, {""gtw_id"": ""eui-00800000a00034d2"", ""timestamp"": 2771041076, ""altitude"": 135, ""longitude"": 151.71448, ""rf_chain"": 0, ""snr"": 9.8, ""time"": ""2021-05-07T03:14:09.958469Z"", ""latitude"": -32.97856, ""rssi"": -97, ""channel"": 5}, {""gtw_id"": ""eui-00800000a00026ba"", ""timestamp"": 2510152636, ""altitude"": 132, ""longitude"": 151.6939, ""rf_chain"": 0, ""snr"": 10.8, ""time"": ""2021-05-07T03:14:09.958462Z"", ""latitude"": -32.9671, ""rssi"": -73, ""channel"": 5}], ""time"": ""2021-05-07T03:14:09.976764517Z"", ""latitude"": -32.96599}"
5,2021-05-07T13:04:06+10:00,dlb_atm41_5282,DLB ATM41 Charlestown Skate Park,-32.96599,151.69513,"-32.96599,151.69513","{""location_source"": ""registry"", ""data_rate"": ""SF7BW125"", ""modulation"": ""LORA"", ""longitude"": 151.69513, ""coding_rate"": ""4/5"", ""frequency"": 922.2, ""gateways"": [{""gtw_id"": ""eui-00800000a00065fa"", ""timestamp"": 705139955, ""altitude"": 53, ""longitude"": 151.64546, ""rf_chain"": 0, ""snr"": 6.5, ""time"": """", ""latitude"": -32.93296, ""rssi"": -107, ""channel"": 2}, {""gtw_id"": ""eui-00800000a00034d2"", ""timestamp"": 2167628635, ""altitude"": 134, ""longitude"": 151.71446, ""rf_chain"": 0, ""snr"": 9.2, ""time"": ""2021-05-07T03:04:06.545253Z"", ""latitude"": -32.97858, ""rssi"": -97, ""channel"": 2}, {""gtw_id"": ""eui-00800000a00026ba"", ""timestamp"": 1906740275, ""altitude"": 110, ""longitude"": 151.69386, ""rf_chain"": 0, ""snr"": 9.2, ""time"": ""2021-05-07T03:04:06.545246Z"", ""latitude"": -32.96714, ""rssi"": -70, ""channel"": 2}], ""time"": ""2021-05-07T03:04:06.569595597Z"", ""latitude"": -32.96599}"
6,2021-05-07T12:54:08+10:00,dlb_atm41_5282,DLB ATM41 Charlestown Skate Park,-32.96599,151.69513,"-32.96599,151.69513","{""location_source"": ""registry"", ""data_rate"": ""SF7BW125"", ""modulation"": ""LORA"", ""longitude"": 151.69513, ""coding_rate"": ""4/5"", ""frequency"": 923.2, ""gateways"": [{""gtw_id"": ""eui-00800000a00065fa"", ""timestamp"": 106860995, ""altitude"": 49, ""longitude"": 151.6455, ""rf_chain"": 0, ""snr"": -2.2, ""time"": ""2021-05-07T02:54:08.265675Z"", ""latitude"": -32.93296, ""rssi"": -113, ""channel"": 0}, {""gtw_id"": ""eui-00800000a00065f4"", ""timestamp"": 2934699235, ""altitude"": 39, ""longitude"": 151.64316, ""rf_chain"": 0, ""snr"": 0.8, ""time"": ""2021-05-07T02:54:08.265667Z"", ""latitude"": -32.9712, ""rssi"": -119, ""channel"": 0}, {""gtw_id"": ""eui-00800000a00034d2"", ""timestamp"": 1569349811, ""altitude"": 123, ""longitude"": 151.71448, ""rf_chain"": 0, ""snr"": 2.8, ""time"": ""2021-05-07T02:54:08.265662Z"", ""latitude"": -32.97861, ""rssi"": -112, ""channel"": 0}, {""gtw_id"": ""eui-00800000a00026ba"", ""timestamp"": 1308461539, ""altitude"": 121, ""longitude"": 151.69395, ""rf_chain"": 0, ""snr"": 8.5, ""time"": ""2021-05-07T02:54:08.265649Z"", ""latitude"": -32.96713, ""rssi"": -72, ""channel"": 0}], ""time"": ""2021-05-07T02:54:08.309248312Z"", ""latitude"": -32.96599}"
7,2021-05-07T12:44:05+10:00,dlb_atm41_5282,DLB ATM41 Charlestown Skate Park,-32.96599,151.69513,"-32.96599,151.69513","{""location_source"": ""registry"", ""data_rate"": ""SF7BW125"", ""modulation"": ""LORA"", ""longitude"": 151.69513, ""coding_rate"": ""4/5"", ""frequency"": 922.6, ""gateways"": [{""gtw_id"": ""eui-00800000a00065fa"", ""timestamp"": 3798736075, ""altitude"": 52, ""longitude"": 151.6455, ""rf_chain"": 0, ""snr"": 6.2, ""time"": ""2021-05-07T02:44:05.172818Z"", ""latitude"": -32.93292, ""rssi"": -112, ""channel"": 4}, {""gtw_id"": ""eui-00800000a00026ba"", ""timestamp"": 705369571, ""altitude"": 126, ""longitude"": 151.69392, ""rf_chain"": 0, ""snr"": 8.2, ""time"": ""2021-05-07T02:44:05.172798Z"", ""latitude"": -32.96715, ""rssi"": -73, ""channel"": 4}, {""gtw_id"": ""eui-00800000a00034d2"", ""timestamp"": 966257723, ""altitude"": 136, ""longitude"": 151.71445, ""rf_chain"": 0, ""snr"": 9, ""time"": ""2021-05-07T02:44:05.172801Z"", ""latitude"": -32.97855, ""rssi"": -106, ""channel"": 4}], ""time"": ""2021-05-07T02:44:05.204189042Z"", ""latitude"": -32.96599}"
8,2021-05-07T12:34:04+10:00,dlb_atm41_5282,DLB ATM41 Charlestown Skate Park,-32.96599,151.69513,"-32.96599,151.69513","{""location_source"": ""registry"", ""data_rate"": ""SF7BW125"", ""modulation"": ""LORA"", ""longitude"": 151.69513, ""coding_rate"": ""4/5"", ""frequency"": 923.2, ""gateways"": [{""gtw_id"": ""eui-00800000a00065f4"", ""timestamp"": 1731165691, ""altitude"": 42, ""longitude"": 151.64317, ""rf_chain"": 0, ""snr"": -2, ""time"": ""2021-05-07T02:34:04.731204Z"", ""latitude"": -32.97119, ""rssi"": -120, ""channel"": 0}, {""gtw_id"": ""eui-00800000a00065fa"", ""timestamp"": 3198295115, ""altitude"": 46, ""longitude"": 151.64545, ""rf_chain"": 0, ""snr"": 4.8, ""time"": ""2021-05-07T02:34:04.731212Z"", ""latitude"": -32.93296, ""rssi"": -108, ""channel"": 0}, {""gtw_id"": ""eui-00800000a00034d2"", ""timestamp"": 365816883, ""altitude"": 134, ""longitude"": 151.71445, ""rf_chain"": 0, ""snr"": 7, ""time"": ""2021-05-07T02:34:04.731192Z"", ""latitude"": -32.97857, ""rssi"": -109, ""channel"": 0}, {""gtw_id"": ""eui-00800000a00026ba"", ""timestamp"": 104928843, ""altitude"": 126, ""longitude"": 151.6939, ""rf_chain"": 0, ""snr"": 9.2, ""time"": ""2021-05-07T02:34:04.73119Z"", ""latitude"": -32.96712, ""rssi"": -72, ""channel"": 0}], ""time"": ""2021-05-07T02:34:04.773551697Z"", ""latitude"": -32.96599}"
9,2021-05-07T12:24:05+10:00,dlb_atm41_5282,DLB ATM41 Charlestown Skate Park,-32.96599,151.69513,"-32.96599,151.69513","{""location_source"": ""registry"", ""data_rate"": ""SF7BW125"", ""modulation"": ""LORA"", ""longitude"": 151.69513, ""coding_rate"": ""4/5"", ""frequency"": 923.2, ""gateways"": [{""gtw_id"": ""eui-00800000a00065fa"", ""timestamp"": 2598532923, ""altitude"": 51, ""longitude"": 151.64545, ""rf_chain"": 0, ""snr"": 2.2, ""time"": """", ""latitude"": -32.93295, ""rssi"": -113, ""channel"": 0}, {""gtw_id"": ""eui-00800000a00026ba"", ""timestamp"": 3800134195, ""altitude"": 112, ""longitude"": 151.69388, ""rf_chain"": 0, ""snr"": 10.2, ""time"": ""2021-05-07T02:24:04.968359Z"", ""latitude"": -32.96712, ""rssi"": -73, ""channel"": 0}], ""time"": ""2021-05-07T02:24:05.054654697Z"", ""latitude"": -32.96599}"
10,2021-05-07T12:14:09+10:00,dlb_atm41_5282,DLB ATM41 Charlestown Skate Park,-32.96599,151.69513,"-32.96599,151.69513","{""location_source"": ""registry"", ""data_rate"": ""SF7BW125"", ""modulation"": ""LORA"", ""longitude"": 151.69513, ""coding_rate"": ""4/5"", ""frequency"": 923, ""gateways"": [{""gtw_id"": ""eui-00800000a000656c"", ""timestamp"": 733844780, ""altitude"": 12, ""longitude"": 151.65742, ""rf_chain"": 0, ""snr"": -5.5, ""time"": ""2021-05-07T02:14:09.123153Z"", ""latitude"": -33.08055, ""rssi"": -119, ""channel"": 6}, {""gtw_id"": ""eui-00800000a00065fa"", ""timestamp"": 2002688316, ""altitude"": -12, ""longitude"": 151.64626, ""rf_chain"": 0, ""snr"": 5, ""time"": ""2021-05-07T02:14:09.123132Z"", ""latitude"": -32.93284, ""rssi"": -112, ""channel"": 6}, {""gtw_id"": ""eui-00800000a00034d2"", ""timestamp"": 3465177636, ""altitude"": 136, ""longitude"": 151.7145, ""rf_chain"": 0, ""snr"": 6.5, ""time"": ""2021-05-07T02:14:09.123112Z"", ""latitude"": -32.97858, ""rssi"": -100, ""channel"": 6}, {""gtw_id"": ""eui-00800000a00026ba"", ""timestamp"": 3204289804, ""altitude"": 110, ""longitude"": 151.69418, ""rf_chain"": 0, ""snr"": 6.8, ""time"": ""2021-05-07T02:14:09.123104Z"", ""latitude"": -32.9671, ""rssi"": -69, ""channel"": 6}], ""time"": ""2021-05-07T02:14:09.157421442Z"", ""latitude"": -32.96599}"
11,2021-05-07T12:04:07+10:00,dlb_atm41_5282,DLB ATM41 Charlestown Skate Park,-32.96599,151.69513,"-32.96599,151.69513","{""location_source"": ""registry"", ""data_rate"": ""SF7BW125"", ""modulation"": ""LORA"", ""longitude"": 151.69513, ""coding_rate"": ""4/5"", ""frequency"": 922.8, ""gateways"": [{""gtw_id"": ""eui-00800000a00065f4"", ""timestamp"": 4228468236, ""altitude"": 42, ""longitude"": 151.64314, ""rf_chain"": 0, ""snr"": -6, ""time"": ""2021-05-07T02:04:07.064925Z"", ""latitude"": -32.97119, ""rssi"": -120, ""channel"": 5}, {""gtw_id"": ""eui-00800000a00026ba"", ""timestamp"": 2602232444, ""altitude"": 119, ""longitude"": 151.69403, ""rf_chain"": 0, ""snr"": 9, ""time"": ""2021-05-07T02:04:07.064906Z"", ""latitude"": -32.96713, ""rssi"": -72, ""channel"": 5}, {""gtw_id"": ""eui-00800000a00034d2"", ""timestamp"": 2863120220, ""altitude"": 135, ""longitude"": 151.71448, ""rf_chain"": 0, ""snr"": 9, ""time"": ""2021-05-07T02:04:07.064919Z"", ""latitude"": -32.9786, ""rssi"": -101, ""channel"": 5}], ""time"": ""2021-05-07T02:04:07.09363397Z"", ""latitude"": -32.96599}"
12,2021-05-07T11:54:04+10:00,dlb_atm41_5282,DLB ATM41 Charlestown Skate Park,-32.96599,151.69513,"-32.96599,151.69513","{""location_source"": ""registry"", ""data_rate"": ""SF7BW125"", ""modulation"": ""LORA"", ""longitude"": 151.69513, ""coding_rate"": ""4/5"", ""frequency"": 922.6, ""gateways"": [{""gtw_id"": ""eui-00800000a00065fa"", ""timestamp"": 797670035, ""altitude"": 40, ""longitude"": 151.64558, ""rf_chain"": 0, ""snr"": 6.8, ""time"": ""2021-05-07T01:54:04.103578Z"", ""latitude"": -32.93279, ""rssi"": -112, ""channel"": 4}, {""gtw_id"": ""eui-00800000a00026ba"", ""timestamp"": 1999271907, ""altitude"": 127, ""longitude"": 151.69402, ""rf_chain"": 0, ""snr"": 10.2, ""time"": ""2021-05-07T01:54:04.103559Z"", ""latitude"": -32.9671, ""rssi"": -75, ""channel"": 4}, {""gtw_id"": ""eui-00800000a00034d2"", ""timestamp"": 2260159643, ""altitude"": 135, ""longitude"": 151.71448, ""rf_chain"": 0, ""snr"": 10.2, ""time"": ""2021-05-07T01:54:04.103566Z"", ""latitude"": -32.97858, ""rssi"": -103, ""channel"": 4}], ""time"": ""2021-05-07T01:54:04.15251483Z"", ""latitude"": -32.96599}"
13,2021-05-07T11:44:07+10:00,dlb_atm41_5282,DLB ATM41 Charlestown Skate Park,-32.96599,151.69513,"-32.96599,151.69513","{""location_source"": ""registry"", ""data_rate"": ""SF7BW125"", ""modulation"": ""LORA"", ""longitude"": 151.69513, ""coding_rate"": ""4/5"", ""frequency"": 923, ""gateways"": [{""gtw_id"": ""eui-00800000a00065f4"", ""timestamp"": 3029006932, ""altitude"": 57, ""longitude"": 151.6427, ""rf_chain"": 0, ""snr"": -4.2, ""time"": ""2021-05-07T01:44:07.60266Z"", ""latitude"": -32.97122, ""rssi"": -120, ""channel"": 6}, {""gtw_id"": ""eui-00800000a00065fa"", ""timestamp"": 201169748, ""altitude"": 41, ""longitude"": 151.64557, ""rf_chain"": 0, ""snr"": 4.8, ""time"": ""2021-05-07T01:44:07.602662Z"", ""latitude"": -32.93297, ""rssi"": -113, ""channel"": 6}, {""gtw_id"": ""eui-00800000a00034d2"", ""timestamp"": 1663659492, ""altitude"": 124, ""longitude"": 151.71452, ""rf_chain"": 0, ""snr"": 6.5, ""time"": ""2021-05-07T01:44:07.602652Z"", ""latitude"": -32.9786, ""rssi"": -109, ""channel"": 6}, {""gtw_id"": ""eui-00800000a00026ba"", ""timestamp"": 1402771788, ""altitude"": 130, ""longitude"": 151.6938, ""rf_chain"": 0, ""snr"": 7.8, ""time"": ""2021-05-07T01:44:07.60264Z"", ""latitude"": -32.9671, ""rssi"": -67, ""channel"": 6}], ""time"": ""2021-05-07T01:44:07.614170773Z"", ""latitude"": -32.96599}"
14,2021-05-07T11:34:05+10:00,dlb_atm41_5282,DLB ATM41 Charlestown Skate Park,-32.96599,151.69513,"-32.96599,151.69513","{""location_source"": ""registry"", ""data_rate"": ""SF7BW125"", ""modulation"": ""LORA"", ""longitude"": 151.69513, ""coding_rate"": ""4/5"", ""frequency"": 922.4, ""gateways"": [{""gtw_id"": ""eui-00800000a00065fa"", ""timestamp"": 3894400091, ""altitude"": 58, ""longitude"": 151.64523, ""rf_chain"": 0, ""snr"": 6, ""time"": ""2021-05-07T01:34:05.865074Z"", ""latitude"": -32.93298, ""rssi"": -106, ""channel"": 3}, {""gtw_id"": ""eui-00800000a00026ba"", ""timestamp"": 801035003, ""altitude"": 180, ""longitude"": 151.6928, ""rf_chain"": 0, ""snr"": 9.5, ""time"": ""2021-05-07T01:34:05.865057Z"", ""latitude"": -32.96708, ""rssi"": -72, ""channel"": 3}], ""time"": ""2021-05-07T01:34:05.902381156Z"", ""latitude"": -32.96599}"
15,2021-05-07T11:24:06+10:00,dlb_atm41_5282,DLB ATM41 Charlestown Skate Park,-32.96599,151.69513,"-32.96599,151.69513","{""location_source"": ""registry"", ""data_rate"": ""SF7BW125"", ""modulation"": ""LORA"", ""longitude"": 151.69513, ""coding_rate"": ""4/5"", ""frequency"": 923.4, ""gateways"": [{""gtw_id"": ""eui-00800000a00065f4"", ""timestamp"": 1827904563, ""altitude"": 43, ""longitude"": 151.6432, ""rf_chain"": 0, ""snr"": 0.8, ""time"": ""2021-05-07T01:24:06.499305Z"", ""latitude"": -32.97117, ""rssi"": -118, ""channel"": 1}, {""gtw_id"": ""eui-00800000a00065fa"", ""timestamp"": 3295034963, ""altitude"": 40, ""longitude"": 151.64546, ""rf_chain"": 0, ""snr"": 3, ""time"": """", ""latitude"": -32.933, ""rssi"": -115, ""channel"": 1}, {""gtw_id"": ""eui-00800000a00034d2"", ""timestamp"": 462557683, ""altitude"": 119, ""longitude"": 151.71452, ""rf_chain"": 0, ""snr"": 7.8, ""time"": """", ""latitude"": -32.97858, ""rssi"": -108, ""channel"": 1}, {""gtw_id"": ""eui-00800000a00026ba"", ""timestamp"": 201670035, ""altitude"": 136, ""longitude"": 151.69392, ""rf_chain"": 0, ""snr"": 9.8, ""time"": ""2021-05-07T01:24:06.499291Z"", ""latitude"": -32.96705, ""rssi"": -75, ""channel"": 1}], ""time"": ""2021-05-07T01:24:06.523911065Z"", ""latitude"": -32.96599}"
16,2021-05-07T11:14:08+10:00,dlb_atm41_5282,DLB ATM41 Charlestown Skate Park,-32.96599,151.69513,"-32.96599,151.69513","{""location_source"": ""registry"", ""data_rate"": ""SF7BW125"", ""modulation"": ""LORA"", ""longitude"": 151.69513, ""coding_rate"": ""4/5"", ""frequency"": 922.6, ""gateways"": [{""gtw_id"": ""eui-00800000a00065fa"", ""timestamp"": 2696987371, ""altitude"": -42, ""longitude"": 151.64536, ""rf_chain"": 0, ""snr"": 6.5, ""time"": """", ""latitude"": -32.93308, ""rssi"": -108, ""channel"": 4}, {""gtw_id"": ""eui-00800000a00034d2"", ""timestamp"": 4159477507, ""altitude"": 128, ""longitude"": 151.71448, ""rf_chain"": 0, ""snr"": 8, ""time"": ""2021-05-07T01:14:08.451065Z"", ""latitude"": -32.97859, ""rssi"": -92, ""channel"": 4}, {""gtw_id"": ""eui-00800000a00026ba"", ""timestamp"": 3898589899, ""altitude"": 127, ""longitude"": 151.6939, ""rf_chain"": 0, ""snr"": 9.2, ""time"": ""2021-05-07T01:14:08.45106Z"", ""latitude"": -32.96712, ""rssi"": -75, ""channel"": 4}], ""time"": ""2021-05-07T01:14:08.475287947Z"", ""latitude"": -32.96599}"
17,2021-05-07T11:04:11+10:00,dlb_atm41_5282,DLB ATM41 Charlestown Skate Park,-32.96599,151.69513,"-32.96599,151.69513","{""location_source"": ""registry"", ""data_rate"": ""SF7BW125"", ""modulation"": ""LORA"", ""longitude"": 151.69513, ""coding_rate"": ""4/5"", ""frequency"": 923, ""gateways"": [{""gtw_id"": ""eui-00800000a00065f4"", ""timestamp"": 632650852, ""altitude"": 27, ""longitude"": 151.64333, ""rf_chain"": 0, ""snr"": -3.8, ""time"": ""2021-05-07T01:04:11.244653Z"", ""latitude"": -32.97126, ""rssi"": -117, ""channel"": 6}, {""gtw_id"": ""eui-00800000a00065fa"", ""timestamp"": 2099781588, ""altitude"": -52, ""longitude"": 151.64528, ""rf_chain"": 0, ""snr"": 4.8, ""time"": ""2021-05-07T01:04:11.244657Z"", ""latitude"": -32.93309, ""rssi"": -110, ""channel"": 6}], ""time"": ""2021-05-07T01:04:11.271488663Z"", ""latitude"": -32.96599}"
18,2021-05-07T10:54:09+10:00,dlb_atm41_5282,DLB ATM41 Charlestown Skate Park,-32.96599,151.69513,"-32.96599,151.69513","{""location_source"": ""registry"", ""data_rate"": ""SF7BW125"", ""modulation"": ""LORA"", ""longitude"": 151.69513, ""coding_rate"": ""4/5"", ""frequency"": 922.4, ""gateways"": [{""gtw_id"": ""eui-00800000a00065fa"", ""timestamp"": 1498403155, ""altitude"": 46, ""longitude"": 151.64548, ""rf_chain"": 0, ""snr"": 5.8, ""time"": ""2021-05-07T00:54:09.86558Z"", ""latitude"": -32.93296, ""rssi"": -107, ""channel"": 3}, {""gtw_id"": ""eui-00800000a00034d2"", ""timestamp"": 2960893539, ""altitude"": 133, ""longitude"": 151.71445, ""rf_chain"": 0, ""snr"": 8.2, ""time"": ""2021-05-07T00:54:09.865569Z"", ""latitude"": -32.9786, ""rssi"": -97, ""channel"": 3}, {""gtw_id"": ""eui-00800000a00026ba"", ""timestamp"": 2700006043, ""altitude"": 123, ""longitude"": 151.6939, ""rf_chain"": 0, ""snr"": 8.5, ""time"": """", ""latitude"": -32.96717, ""rssi"": -71, ""channel"": 3}], ""time"": ""2021-05-07T00:54:09.918269936Z"", ""latitude"": -32.96599}"
19,2021-05-07T10:44:04+10:00,dlb_atm41_5282,DLB ATM41 Charlestown Skate Park,-32.96599,151.69513,"-32.96599,151.69513","{""location_source"": ""registry"", ""data_rate"": ""SF7BW125"", ""modulation"": ""LORA"", ""longitude"": 151.69513, ""coding_rate"": ""4/5"", ""frequency"": 922.6, ""gateways"": [{""gtw_id"": ""eui-00800000a000656c"", ""timestamp"": 3205833995, ""altitude"": 12, ""longitude"": 151.65742, ""rf_chain"": 0, ""snr"": -7.5, ""time"": """", ""latitude"": -33.08056, ""rssi"": -119, ""channel"": 4}, {""gtw_id"": ""eui-00800000a00065fa"", ""timestamp"": 893115387, ""altitude"": 48, ""longitude"": 151.64548, ""rf_chain"": 0, ""snr"": 5.8, ""time"": ""2021-05-07T00:44:04.577164Z"", ""latitude"": -32.93297, ""rssi"": -113, ""channel"": 4}, {""gtw_id"": ""eui-00800000a00034d2"", ""timestamp"": 2355605891, ""altitude"": 128, ""longitude"": 151.71448, ""rf_chain"": 0, ""snr"": 8.8, ""time"": ""2021-05-07T00:44:04.577148Z"", ""latitude"": -32.9786, ""rssi"": -102, ""channel"": 4}, {""gtw_id"": ""eui-00800000a00026ba"", ""timestamp"": 2094718483, ""altitude"": 133, ""longitude"": 151.69388, ""rf_chain"": 0, ""snr"": 9.8, ""time"": ""2021-05-07T00:44:04.577142Z"", ""latitude"": -32.9672, ""rssi"": -75, ""channel"": 4}], ""time"": ""2021-05-07T00:44:04.612931356Z"", ""latitude"": -32.96599}"
20,2021-05-07T10:34:07+10:00,dlb_atm41_5282,DLB ATM41 Charlestown Skate Park,-32.96599,151.69513,"-32.96599,151.69513","{""location_source"": ""registry"", ""data_rate"": ""SF7BW125"", ""modulation"": ""LORA"", ""longitude"": 151.69513, ""coding_rate"": ""4/5"", ""frequency"": 922.8, ""gateways"": [{""gtw_id"": ""eui-00800000a00065f4"", ""timestamp"": 3123850012, ""altitude"": 36, ""longitude"": 151.64316, ""rf_chain"": 0, ""snr"": -4, ""time"": ""2021-05-07T00:34:07.475137Z"", ""latitude"": -32.9712, ""rssi"": -118, ""channel"": 5}, {""gtw_id"": ""eui-00800000a00065fa"", ""timestamp"": 296014004, ""altitude"": 40, ""longitude"": 151.6455, ""rf_chain"": 0, ""snr"": 4.8, ""time"": ""2021-05-07T00:34:07.475141Z"", ""latitude"": -32.93297, ""rssi"": -111, ""channel"": 5}, {""gtw_id"": ""eui-00800000a00034d2"", ""timestamp"": 1758504636, ""altitude"": 131, ""longitude"": 151.71446, ""rf_chain"": 0, ""snr"": 9, ""time"": ""2021-05-07T00:34:07.475131Z"", ""latitude"": -32.97856, ""rssi"": -102, ""channel"": 5}, {""gtw_id"": ""eui-00800000a00026ba"", ""timestamp"": 1497617260, ""altitude"": 121, ""longitude"": 151.69388, ""rf_chain"": 0, ""snr"": 9.5, ""time"": ""2021-05-07T00:34:07.475123Z"", ""latitude"": -32.96713, ""rssi"": -75, ""channel"": 5}], ""time"": ""2021-05-07T00:34:07.503406657Z"", ""latitude"": -32.96599}"
21,2021-05-07T10:24:03+10:00,dlb_atm41_5282,DLB ATM41 Charlestown Skate Park,-32.96599,151.69513,"-32.96599,151.69513","{""location_source"": ""registry"", ""data_rate"": ""SF7BW125"", ""modulation"": ""LORA"", ""longitude"": 151.69513, ""coding_rate"": ""4/5"", ""frequency"": 922.2, ""gateways"": [{""gtw_id"": ""eui-00800000a00065fa"", ""timestamp"": 3987298635, ""altitude"": 46, ""longitude"": 151.64532, ""rf_chain"": 0, ""snr"": -1.8, ""time"": """", ""latitude"": -32.93297, ""rssi"": -106, ""channel"": 2}, {""gtw_id"": ""eui-00800000a00026ba"", ""timestamp"": 893934795, ""altitude"": 119, ""longitude"": 151.69379, ""rf_chain"": 0, ""snr"": 9.2, ""time"": ""2021-05-07T00:24:03.791809Z"", ""latitude"": -32.96712, ""rssi"": -71, ""channel"": 2}, {""gtw_id"": ""eui-00800000a00034d2"", ""timestamp"": 1154822083, ""altitude"": 134, ""longitude"": 151.71445, ""rf_chain"": 0, ""snr"": 9.5, ""time"": ""2021-05-07T00:24:03.791813Z"", ""latitude"": -32.97855, ""rssi"": -95, ""channel"": 2}], ""time"": ""2021-05-07T00:24:03.821109533Z"", ""latitude"": -32.96599}"
22,2021-05-07T10:14:11+10:00,dlb_atm41_5282,DLB ATM41 Charlestown Skate Park,-32.96599,151.69513,"-32.96599,151.69513","{""location_source"": ""registry"", ""data_rate"": ""SF7BW125"", ""modulation"": ""LORA"", ""longitude"": 151.69513, ""coding_rate"": ""4/5"", ""frequency"": 922.6, ""gateways"": [{""gtw_id"": ""eui-00800000a00065fa"", ""timestamp"": 3395155491, ""altitude"": 47, ""longitude"": 151.64545, ""rf_chain"": 0, ""snr"": 3, ""time"": ""2021-05-07T00:14:11.648053Z"", ""latitude"": -32.93297, ""rssi"": -115, ""channel"": 4}, {""gtw_id"": ""eui-00800000a00034d2"", ""timestamp"": 562679067, ""altitude"": 130, ""longitude"": 151.71446, ""rf_chain"": 0, ""snr"": 8.8, ""time"": ""2021-05-07T00:14:11.648042Z"", ""latitude"": -32.97856, ""rssi"": -103, ""channel"": 4}, {""gtw_id"": ""eui-00800000a00026ba"", ""timestamp"": 301791819, ""altitude"": 118, ""longitude"": 151.69386, ""rf_chain"": 0, ""snr"": 10, ""time"": ""2021-05-07T00:14:11.648034Z"", ""latitude"": -32.96711, ""rssi"": -75, ""channel"": 4}], ""time"": ""2021-05-07T00:14:11.679591658Z"", ""latitude"": -32.96599}"
23,2021-05-07T10:04:10+10:00,dlb_atm41_5282,DLB ATM41 Charlestown Skate Park,-32.96599,151.69513,"-32.96599,151.69513","{""location_source"": ""registry"", ""data_rate"": ""SF7BW125"", ""modulation"": ""LORA"", ""longitude"": 151.69513, ""coding_rate"": ""4/5"", ""frequency"": 922.6, ""gateways"": [{""gtw_id"": ""eui-00800000a000656c"", ""timestamp"": 811243195, ""altitude"": 10, ""longitude"": 151.65742, ""rf_chain"": 0, ""snr"": -5.2, ""time"": """", ""latitude"": -33.08056, ""rssi"": -119, ""channel"": 4}, {""gtw_id"": ""eui-00800000a00065fa"", ""timestamp"": 2793491691, ""altitude"": 58, ""longitude"": 151.64545, ""rf_chain"": 0, ""snr"": 3.2, ""time"": ""2021-05-07T00:04:09.983612Z"", ""latitude"": -32.93299, ""rssi"": -113, ""channel"": 4}, {""gtw_id"": ""eui-00800000a00026ba"", ""timestamp"": 3995095483, ""altitude"": 137, ""longitude"": 151.69414, ""rf_chain"": 0, ""snr"": 7.8, ""time"": ""2021-05-07T00:04:09.98359Z"", ""latitude"": -32.96727, ""rssi"": -72, ""channel"": 4}, {""gtw_id"": ""eui-00800000a00034d2"", ""timestamp"": 4255982691, ""altitude"": 131, ""longitude"": 151.71445, ""rf_chain"": 0, ""snr"": 8.2, ""time"": ""2021-05-07T00:04:09.983605Z"", ""latitude"": -32.97854, ""rssi"": -103, ""channel"": 4}], ""time"": ""2021-05-07T00:04:10.003477751Z"", ""latitude"": -32.96599}"
24,2021-05-07T09:54:04+10:00,dlb_atm41_5282,DLB ATM41 Charlestown Skate Park,-32.96599,151.69513,"-32.96599,151.69513","{""location_source"": ""registry"", ""data_rate"": ""SF7BW125"", ""modulation"": ""LORA"", ""longitude"": 151.69513, ""coding_rate"": ""4/5"", ""frequency"": 923, ""gateways"": [{""gtw_id"": ""eui-00800000a000656c"", ""timestamp"": 205844228, ""altitude"": 10, ""longitude"": 151.65744, ""rf_chain"": 0, ""snr"": -5, ""time"": """", ""latitude"": -33.08056, ""rssi"": -119, ""channel"": 6}, {""gtw_id"": ""eui-00800000a00065f4"", ""timestamp"": 720960660, ""altitude"": 20, ""longitude"": 151.64307, ""rf_chain"": 0, ""snr"": -3.2, ""time"": ""2021-05-06T23:54:04.583963Z"", ""latitude"": -32.97115, ""rssi"": -120, ""channel"": 6}, {""gtw_id"": ""eui-00800000a00065fa"", ""timestamp"": 2188092692, ""altitude"": 57, ""longitude"": 151.64523, ""rf_chain"": 0, ""snr"": 4.8, ""time"": """", ""latitude"": -32.933, ""rssi"": -111, ""channel"": 6}, {""gtw_id"": ""eui-00800000a00034d2"", ""timestamp"": 3650583804, ""altitude"": 128, ""longitude"": 151.71448, ""rf_chain"": 0, ""snr"": 5.8, ""time"": ""2021-05-06T23:54:04.583949Z"", ""latitude"": -32.97854, ""rssi"": -108, ""channel"": 6}, {""gtw_id"": ""eui-00800000a00026ba"", ""timestamp"": 3389696652, ""altitude"": 136, ""longitude"": 151.69398, ""rf_chain"": 0, ""snr"": 7.8, ""time"": ""2021-05-06T23:54:04.583944Z"", ""latitude"": -32.96717, ""rssi"": -75, ""channel"": 6}], ""time"": ""2021-05-06T23:54:04.625401191Z"", ""latitude"": -32.96599}"
25,2021-05-07T09:44:11+10:00,dlb_atm41_5282,DLB ATM41 Charlestown Skate Park,-32.96599,151.69513,"-32.96599,151.69513","{""location_source"": ""registry"", ""data_rate"": ""SF7BW125"", ""modulation"": ""LORA"", ""longitude"": 151.69513, ""coding_rate"": ""4/5"", ""frequency"": 922.2, ""gateways"": [{""gtw_id"": ""eui-00800000a00065f4"", ""timestamp"": 127937563, ""altitude"": 38, ""longitude"": 151.64316, ""rf_chain"": 0, ""snr"": -3.2, ""time"": ""2021-05-06T23:44:11.560412Z"", ""latitude"": -32.9712, ""rssi"": -111, ""channel"": 2}, {""gtw_id"": ""eui-00800000a00026ba"", ""timestamp"": 2796673915, ""altitude"": 131, ""longitude"": 151.69392, ""rf_chain"": 0, ""snr"": 9.2, ""time"": ""2021-05-06T23:44:11.560398Z"", ""latitude"": -32.96711, ""rssi"": -70, ""channel"": 2}, {""gtw_id"": ""eui-00800000a00034d2"", ""timestamp"": 3057561011, ""altitude"": 133, ""longitude"": 151.71448, ""rf_chain"": 0, ""snr"": 9.5, ""time"": ""2021-05-06T23:44:11.560405Z"", ""latitude"": -32.97855, ""rssi"": -99, ""channel"": 2}], ""time"": ""2021-05-06T23:44:11.588378813Z"", ""latitude"": -32.96599}"
26,2021-05-07T09:34:03+10:00,dlb_atm41_5282,DLB ATM41 Charlestown Skate Park,-32.96599,151.69513,"-32.96599,151.69513","{""location_source"": ""registry"", ""data_rate"": ""SF7BW125"", ""modulation"": ""LORA"", ""longitude"": 151.69513, ""coding_rate"": ""4/5"", ""frequency"": 922.8, ""gateways"": [{""gtw_id"": ""eui-00800000a00034d2"", ""timestamp"": 2449826436, ""altitude"": 134, ""longitude"": 151.71446, ""rf_chain"": 0, ""snr"": 6.2, ""time"": """", ""latitude"": -32.97855, ""rssi"": -108, ""channel"": 5}], ""time"": ""2021-05-06T23:34:03.908193684Z"", ""latitude"": -32.96599}"
27,2021-05-07T09:24:09+10:00,dlb_atm41_5282,DLB ATM41 Charlestown Skate Park,-32.96599,151.69513,"-32.96599,151.69513","{""location_source"": ""registry"", ""data_rate"": ""SF7BW125"", ""modulation"": ""LORA"", ""longitude"": 151.69513, ""coding_rate"": ""4/5"", ""frequency"": 922.6, ""gateways"": [{""gtw_id"": ""eui-00800000a00065fa"", ""timestamp"": 393213075, ""altitude"": 52, ""longitude"": 151.64545, ""rf_chain"": 0, ""snr"": 5, ""time"": """", ""latitude"": -32.93296, ""rssi"": -112, ""channel"": 4}, {""gtw_id"": ""eui-00800000a00034d2"", ""timestamp"": 1855704539, ""altitude"": 140, ""longitude"": 151.71448, ""rf_chain"": 0, ""snr"": 8.8, ""time"": """", ""latitude"": -32.97853, ""rssi"": -99, ""channel"": 4}], ""time"": ""2021-05-06T23:24:09.750514743Z"", ""latitude"": -32.96599}"
28,2021-05-07T09:14:09+10:00,dlb_atm41_5282,DLB ATM41 Charlestown Skate Park,-32.96599,151.69513,"-32.96599,151.69513","{""location_source"": ""registry"", ""data_rate"": ""SF7BW125"", ""modulation"": ""LORA"", ""longitude"": 151.69513, ""coding_rate"": ""4/5"", ""frequency"": 923.4, ""gateways"": [{""gtw_id"": ""eui-00800000a00065f4"", ""timestamp"": 2620377843, ""altitude"": 43, ""longitude"": 151.64313, ""rf_chain"": 0, ""snr"": 1.2, ""time"": ""2021-05-06T23:14:09.032041Z"", ""latitude"": -32.97121, ""rssi"": -118, ""channel"": 1}, {""gtw_id"": ""eui-00800000a00065fa"", ""timestamp"": 4087510659, ""altitude"": 50, ""longitude"": 151.64542, ""rf_chain"": 0, ""snr"": 5, ""time"": """", ""latitude"": -32.93295, ""rssi"": -114, ""channel"": 1}, {""gtw_id"": ""eui-00800000a00034d2"", ""timestamp"": 1255034931, ""altitude"": 137, ""longitude"": 151.71448, ""rf_chain"": 0, ""snr"": 7.2, ""time"": ""2021-05-06T23:14:09.032034Z"", ""latitude"": -32.97854, ""rssi"": -113, ""channel"": 1}, {""gtw_id"": ""eui-00800000a00026ba"", ""timestamp"": 994147963, ""altitude"": 122, ""longitude"": 151.69402, ""rf_chain"": 0, ""snr"": 10, ""time"": ""2021-05-06T23:14:09.03203Z"", ""latitude"": -32.96723, ""rssi"": -75, ""channel"": 1}], ""time"": ""2021-05-06T23:14:09.070722193Z"", ""latitude"": -32.96599}"
29,2021-05-07T09:04:11+10:00,dlb_atm41_5282,DLB ATM41 Charlestown Skate Park,-32.96599,151.69513,"-32.96599,151.69513","{""location_source"": ""registry"", ""data_rate"": ""SF7BW125"", ""modulation"": ""LORA"", ""longitude"": 151.69513, ""coding_rate"": ""4/5"", ""frequency"": 922.2, ""gateways"": [{""gtw_id"": ""eui-00800000a00065f4"", ""timestamp"": 2022474155, ""altitude"": 42, ""longitude"": 151.64313, ""rf_chain"": 0, ""snr"": -3.5, ""time"": ""2021-05-06T23:04:11.127913Z"", ""latitude"": -32.9712, ""rssi"": -117, ""channel"": 2}, {""gtw_id"": ""eui-00800000a00065fa"", ""timestamp"": 3489607179, ""altitude"": 48, ""longitude"": 151.64543, ""rf_chain"": 0, ""snr"": -3, ""time"": ""2021-05-06T23:04:11.127922Z"", ""latitude"": -32.93295, ""rssi"": -108, ""channel"": 2}, {""gtw_id"": ""eui-00800000a00026ba"", ""timestamp"": 396244627, ""altitude"": 135, ""longitude"": 151.69383, ""rf_chain"": 0, ""snr"": 8.8, ""time"": ""2021-05-06T23:04:11.127902Z"", ""latitude"": -32.9671, ""rssi"": -70, ""channel"": 2}, {""gtw_id"": ""eui-00800000a00034d2"", ""timestamp"": 657131563, ""altitude"": 132, ""longitude"": 151.71446, ""rf_chain"": 0, ""snr"": 9.5, ""time"": ""2021-05-06T23:04:11.127907Z"", ""latitude"": -32.97855, ""rssi"": -97, ""channel"": 2}], ""time"": ""2021-05-06T23:04:11.156304446Z"", ""latitude"": -32.96599}"
30,2021-05-07T08:54:06+10:00,dlb_atm41_5282,DLB ATM41 Charlestown Skate Park,-32.96599,151.69513,"-32.96599,151.69513","{""location_source"": ""registry"", ""data_rate"": ""SF7BW125"", ""modulation"": ""LORA"", ""longitude"": 151.69513, ""coding_rate"": ""4/5"", ""frequency"": 923.4, ""gateways"": [{""gtw_id"": ""eui-00800000a00065f4"", ""timestamp"": 1417699819, ""altitude"": 40, ""longitude"": 151.6431, ""rf_chain"": 0, ""snr"": 1, ""time"": ""2021-05-06T22:54:06.353127Z"", ""latitude"": -32.97118, ""rssi"": -119, ""channel"": 1}, {""gtw_id"": ""eui-00800000a00065fa"", ""timestamp"": 2884833043, ""altitude"": 52, ""longitude"": 151.64542, ""rf_chain"": 0, ""snr"": 5.8, ""time"": ""2021-05-06T22:54:06.353126Z"", ""latitude"": -32.93294, ""rssi"": -103, ""channel"": 1}, {""gtw_id"": ""eui-00800000a00034d2"", ""timestamp"": 52357539, ""altitude"": 130, ""longitude"": 151.71445, ""rf_chain"": 0, ""snr"": 7.8, ""time"": ""2021-05-06T22:54:06.353113Z"", ""latitude"": -32.97856, ""rssi"": -106, ""channel"": 1}, {""gtw_id"": ""eui-00800000a00026ba"", ""timestamp"": 4086437939, ""altitude"": 133, ""longitude"": 151.69383, ""rf_chain"": 0, ""snr"": 8, ""time"": ""2021-05-06T22:54:06.353114Z"", ""latitude"": -32.96711, ""rssi"": -76, ""channel"": 1}], ""time"": ""2021-05-06T22:54:06.379866993Z"", ""latitude"": -32.96599}"
31,2021-05-07T08:44:08+10:00,dlb_atm41_5282,DLB ATM41 Charlestown Skate Park,-32.96599,151.69513,"-32.96599,151.69513","{""location_source"": ""registry"", ""data_rate"": ""SF7BW125"", ""modulation"": ""LORA"", ""longitude"": 151.69513, ""coding_rate"": ""4/5"", ""frequency"": 922.6, ""gateways"": [{""gtw_id"": ""eui-00800000a00065fa"", ""timestamp"": 2287232067, ""altitude"": 48, ""longitude"": 151.64542, ""rf_chain"": 0, ""snr"": 7.2, ""time"": """", ""latitude"": -32.93295, ""rssi"": -110, ""channel"": 4}, {""gtw_id"": ""eui-00800000a00034d2"", ""timestamp"": 3749723963, ""altitude"": 134, ""longitude"": 151.71443, ""rf_chain"": 0, ""snr"": 10.2, ""time"": ""2021-05-06T22:44:08.751479Z"", ""latitude"": -32.97854, ""rssi"": -102, ""channel"": 4}, {""gtw_id"": ""eui-00800000a00026ba"", ""timestamp"": 3488837107, ""altitude"": 123, ""longitude"": 151.69383, ""rf_chain"": 0, ""snr"": 11, ""time"": ""2021-05-06T22:44:08.751475Z"", ""latitude"": -32.96713, ""rssi"": -76, ""channel"": 4}], ""time"": ""2021-05-06T22:44:08.777488666Z"", ""latitude"": -32.96599}"
32,2021-05-07T08:34:07+10:00,dlb_atm41_5282,DLB ATM41 Charlestown Skate Park,-32.96599,151.69513,"-32.96599,151.69513","{""location_source"": ""registry"", ""data_rate"": ""SF7BW125"", ""modulation"": ""LORA"", ""longitude"": 151.69513, ""coding_rate"": ""4/5"", ""frequency"": 923.2, ""gateways"": [{""gtw_id"": ""eui-00800000a00065fa"", ""timestamp"": 1686045899, ""altitude"": 50, ""longitude"": 151.64543, ""rf_chain"": 0, ""snr"": -3.5, ""time"": """", ""latitude"": -32.93295, ""rssi"": -111, ""channel"": 0}, {""gtw_id"": ""eui-00800000a00034d2"", ""timestamp"": 3148537907, ""altitude"": 136, ""longitude"": 151.71442, ""rf_chain"": 0, ""snr"": 3, ""time"": ""2021-05-06T22:34:07.564653Z"", ""latitude"": -32.97854, ""rssi"": -115, ""channel"": 0}, {""gtw_id"": ""eui-00800000a00026ba"", ""timestamp"": 2887651083, ""altitude"": 123, ""longitude"": 151.69392, ""rf_chain"": 0, ""snr"": 9.5, ""time"": ""2021-05-06T22:34:07.564638Z"", ""latitude"": -32.96709, ""rssi"": -73, ""channel"": 0}], ""time"": ""2021-05-06T22:34:07.616415091Z"", ""latitude"": -32.96599}"
33,2021-05-07T08:24:05+10:00,dlb_atm41_5282,DLB ATM41 Charlestown Skate Park,-32.96599,151.69513,"-32.96599,151.69513","{""location_source"": ""registry"", ""data_rate"": ""SF7BW125"", ""modulation"": ""LORA"", ""longitude"": 151.69513, ""coding_rate"": ""4/5"", ""frequency"": 922.6, ""gateways"": [{""gtw_id"": ""eui-00800000a00065fa"", ""timestamp"": 1084407851, ""altitude"": 48, ""longitude"": 151.64543, ""rf_chain"": 0, ""snr"": 6, ""time"": ""2021-05-06T22:24:05.925951Z"", ""latitude"": -32.93295, ""rssi"": -113, ""channel"": 4}, {""gtw_id"": ""eui-00800000a00026ba"", ""timestamp"": 2286013235, ""altitude"": 129, ""longitude"": 151.69386, ""rf_chain"": 0, ""snr"": 9.2, ""time"": ""2021-05-06T22:24:05.925933Z"", ""latitude"": -32.96713, ""rssi"": -75, ""channel"": 4}, {""gtw_id"": ""eui-00800000a00034d2"", ""timestamp"": 2546899971, ""altitude"": 127, ""longitude"": 151.71445, ""rf_chain"": 0, ""snr"": 10, ""time"": ""2021-05-06T22:24:05.925937Z"", ""latitude"": -32.97855, ""rssi"": -102, ""channel"": 4}], ""time"": ""2021-05-06T22:24:05.955030854Z"", ""latitude"": -32.96599}"
34,2021-05-07T08:14:04+10:00,dlb_atm41_5282,DLB ATM41 Charlestown Skate Park,-32.96599,151.69513,"-32.96599,151.69513","{""location_source"": ""registry"", ""data_rate"": ""SF7BW125"", ""modulation"": ""LORA"", ""longitude"": 151.69513, ""coding_rate"": ""4/5"", ""frequency"": 923, ""gateways"": [{""gtw_id"": ""eui-00800000a00065fa"", ""timestamp"": 483229668, ""altitude"": 50, ""longitude"": 151.64543, ""rf_chain"": 0, ""snr"": 5.5, ""time"": ""2021-05-06T22:14:04.747112Z"", ""latitude"": -32.93296, ""rssi"": -111, ""channel"": 6}, {""gtw_id"": ""eui-00800000a00034d2"", ""timestamp"": 1945721924, ""altitude"": 137, ""longitude"": 151.71445, ""rf_chain"": 0, ""snr"": 7, ""time"": ""2021-05-06T22:14:04.747099Z"", ""latitude"": -32.97858, ""rssi"": -107, ""channel"": 6}, {""gtw_id"": ""eui-00800000a00026ba"", ""timestamp"": 1684835284, ""altitude"": 130, ""longitude"": 151.6939, ""rf_chain"": 0, ""snr"": 7.2, ""time"": ""2021-05-06T22:14:04.747093Z"", ""latitude"": -32.96715, ""rssi"": -75, ""channel"": 6}], ""time"": ""2021-05-06T22:14:04.780209228Z"", ""latitude"": -32.96599}"
35,2021-05-07T08:04:05+10:00,dlb_atm41_5282,DLB ATM41 Charlestown Skate Park,-32.96599,151.69513,"-32.96599,151.69513","{""location_source"": ""registry"", ""data_rate"": ""SF7BW125"", ""modulation"": ""LORA"", ""longitude"": 151.69513, ""coding_rate"": ""4/5"", ""frequency"": 923.4, ""gateways"": [{""gtw_id"": ""eui-00800000a00065f4"", ""timestamp"": 2711929867, ""altitude"": 39, ""longitude"": 151.64313, ""rf_chain"": 0, ""snr"": 0, ""time"": ""2021-05-06T22:04:05.613438Z"", ""latitude"": -32.9712, ""rssi"": -119, ""channel"": 1}, {""gtw_id"": ""eui-00800000a00065fa"", ""timestamp"": 4179063939, ""altitude"": 49, ""longitude"": 151.64545, ""rf_chain"": 0, ""snr"": 4.5, ""time"": """", ""latitude"": -32.93297, ""rssi"": -113, ""channel"": 1}, {""gtw_id"": ""eui-00800000a00026ba"", ""timestamp"": 1085702467, ""altitude"": 133, ""longitude"": 151.6939, ""rf_chain"": 0, ""snr"": 8.2, ""time"": ""2021-05-06T22:04:05.613423Z"", ""latitude"": -32.96713, ""rssi"": -73, ""channel"": 1}], ""time"": ""2021-05-06T22:04:05.642503431Z"", ""latitude"": -32.96599}"
36,2021-05-07T07:54:08+10:00,dlb_atm41_5282,DLB ATM41 Charlestown Skate Park,-32.96599,151.69513,"-32.96599,151.69513","{""location_source"": ""registry"", ""data_rate"": ""SF7BW125"", ""modulation"": ""LORA"", ""longitude"": 151.69513, ""coding_rate"": ""4/5"", ""frequency"": 922.2, ""gateways"": [{""gtw_id"": ""eui-00800000a00065fa"", ""timestamp"": 3582404667, ""altitude"": 60, ""longitude"": 151.64536, ""rf_chain"": 0, ""snr"": 0, ""time"": """", ""latitude"": -32.93299, ""rssi"": -103, ""channel"": 2}, {""gtw_id"": ""eui-00800000a00026ba"", ""timestamp"": 489043331, ""altitude"": 129, ""longitude"": 151.69386, ""rf_chain"": 0, ""snr"": 9.8, ""time"": ""2021-05-06T21:54:08.953496Z"", ""latitude"": -32.96713, ""rssi"": -70, ""channel"": 2}, {""gtw_id"": ""eui-00800000a00034d2"", ""timestamp"": 749929867, ""altitude"": 135, ""longitude"": 151.71448, ""rf_chain"": 0, ""snr"": 9.8, ""time"": ""2021-05-06T21:54:08.953504Z"", ""latitude"": -32.97858, ""rssi"": -100, ""channel"": 2}], ""time"": ""2021-05-06T21:54:08.985545907Z"", ""latitude"": -32.96599}"
37,2021-05-07T07:44:07+10:00,dlb_atm41_5282,DLB ATM41 Charlestown Skate Park,-32.96599,151.69513,"-32.96599,151.69513","{""location_source"": ""registry"", ""data_rate"": ""SF7BW125"", ""modulation"": ""LORA"", ""longitude"": 151.69513, ""coding_rate"": ""4/5"", ""frequency"": 923.4, ""gateways"": [{""gtw_id"": ""eui-00800000a00065fa"", ""timestamp"": 2980751075, ""altitude"": 47, ""longitude"": 151.64548, ""rf_chain"": 0, ""snr"": 4.2, ""time"": ""2021-05-06T21:44:07.299267Z"", ""latitude"": -32.93301, ""rssi"": -114, ""channel"": 1}, {""gtw_id"": ""eui-00800000a00034d2"", ""timestamp"": 148276387, ""altitude"": 132, ""longitude"": 151.71445, ""rf_chain"": 0, ""snr"": 7.2, ""time"": ""2021-05-06T21:44:07.299256Z"", ""latitude"": -32.97858, ""rssi"": -108, ""channel"": 1}, {""gtw_id"": ""eui-00800000a00026ba"", ""timestamp"": 4182357171, ""altitude"": 135, ""longitude"": 151.69391, ""rf_chain"": 0, ""snr"": 8, ""time"": ""2021-05-06T21:44:07.299244Z"", ""latitude"": -32.96713, ""rssi"": -73, ""channel"": 1}], ""time"": ""2021-05-06T21:44:07.32275641Z"", ""latitude"": -32.96599}"
38,2021-05-07T07:34:06+10:00,dlb_atm41_5282,DLB ATM41 Charlestown Skate Park,-32.96599,151.69513,"-32.96599,151.69513","{""location_source"": ""registry"", ""data_rate"": ""SF7BW125"", ""modulation"": ""LORA"", ""longitude"": 151.69513, ""coding_rate"": ""4/5"", ""frequency"": 923.2, ""gateways"": [{""gtw_id"": ""eui-00800000a00065f4"", ""timestamp"": 912691499, ""altitude"": 60, ""longitude"": 151.64291, ""rf_chain"": 0, ""snr"": -2.5, ""time"": ""2021-05-06T21:34:06.373736Z"", ""latitude"": -32.97116, ""rssi"": -119, ""channel"": 0}, {""gtw_id"": ""eui-00800000a00065fa"", ""timestamp"": 2379826211, ""altitude"": 67, ""longitude"": 151.64513, ""rf_chain"": 0, ""snr"": 2.5, ""time"": ""2021-05-06T21:34:06.373744Z"", ""latitude"": -32.93303, ""rssi"": -113, ""channel"": 0}, {""gtw_id"": ""eui-00800000a00026ba"", ""timestamp"": 3581432443, ""altitude"": 134, ""longitude"": 151.69386, ""rf_chain"": 0, ""snr"": 9, ""time"": ""2021-05-06T21:34:06.373721Z"", ""latitude"": -32.96713, ""rssi"": -72, ""channel"": 0}], ""time"": ""2021-05-06T21:34:06.40340802Z"", ""latitude"": -32.96599}"
39,2021-05-07T07:24:06+10:00,dlb_atm41_5282,DLB ATM41 Charlestown Skate Park,-32.96599,151.69513,"-32.96599,151.69513","{""location_source"": ""registry"", ""data_rate"": ""SF7BW125"", ""modulation"": ""LORA"", ""longitude"": 151.69513, ""coding_rate"": ""4/5"", ""frequency"": 922.8, ""gateways"": [{""gtw_id"": ""eui-00800000a00034d2"", ""timestamp"": 3242793420, ""altitude"": 131, ""longitude"": 151.71443, ""rf_chain"": 0, ""snr"": 6.8, ""time"": ""2021-05-06T21:24:06.84745Z"", ""latitude"": -32.97858, ""rssi"": -101, ""channel"": 5}, {""gtw_id"": ""eui-00800000a00026ba"", ""timestamp"": 2981906956, ""altitude"": 126, ""longitude"": 151.6939, ""rf_chain"": 0, ""snr"": 10.5, ""time"": ""2021-05-06T21:24:06.847445Z"", ""latitude"": -32.96716, ""rssi"": -75, ""channel"": 5}], ""time"": ""2021-05-06T21:24:06.889921802Z"", ""latitude"": -32.96599}"
40,2021-05-07T07:14:04+10:00,dlb_atm41_5282,DLB ATM41 Charlestown Skate Park,-32.96599,151.69513,"-32.96599,151.69513","{""location_source"": ""registry"", ""data_rate"": ""SF7BW125"", ""modulation"": ""LORA"", ""longitude"": 151.69513, ""coding_rate"": ""4/5"", ""frequency"": 923.2, ""gateways"": [{""gtw_id"": ""eui-00800000a00065f4"", ""timestamp"": 4005918603, ""altitude"": 43, ""longitude"": 151.64305, ""rf_chain"": 0, ""snr"": -2.8, ""time"": ""2021-05-06T21:14:04.632614Z"", ""latitude"": -32.97117, ""rssi"": -120, ""channel"": 0}, {""gtw_id"": ""eui-00800000a00065fa"", ""timestamp"": 1178086403, ""altitude"": 52, ""longitude"": 151.64551, ""rf_chain"": 0, ""snr"": 6, ""time"": ""2021-05-06T21:14:04.632616Z"", ""latitude"": -32.93295, ""rssi"": -109, ""channel"": 0}, {""gtw_id"": ""eui-00800000a00026ba"", ""timestamp"": 2379692899, ""altitude"": 119, ""longitude"": 151.6939, ""rf_chain"": 0, ""snr"": 8.8, ""time"": ""2021-05-06T21:14:04.632594Z"", ""latitude"": -32.96713, ""rssi"": -72, ""channel"": 0}], ""time"": ""2021-05-06T21:14:04.679993039Z"", ""latitude"": -32.96599}"
41,2021-05-07T07:04:09+10:00,dlb_atm41_5282,DLB ATM41 Charlestown Skate Park,-32.96599,151.69513,"-32.96599,151.69513","{""location_source"": ""registry"", ""data_rate"": ""SF7BW125"", ""modulation"": ""LORA"", ""longitude"": 151.69513, ""coding_rate"": ""4/5"", ""frequency"": 922.4, ""gateways"": [{""gtw_id"": ""eui-00800000a000656c"", ""timestamp"": 2895672339, ""altitude"": 6, ""longitude"": 151.6574, ""rf_chain"": 0, ""snr"": -6, ""time"": ""2021-05-06T21:04:09.498486Z"", ""latitude"": -33.08058, ""rssi"": -117, ""channel"": 3}, {""gtw_id"": ""eui-00800000a00065fa"", ""timestamp"": 582952907, ""altitude"": 50, ""longitude"": 151.64543, ""rf_chain"": 0, ""snr"": 5.8, ""time"": ""2021-05-06T21:04:09.498467Z"", ""latitude"": -32.93297, ""rssi"": -109, ""channel"": 3}, {""gtw_id"": ""eui-00800000a00034d2"", ""timestamp"": 2045445971, ""altitude"": 131, ""longitude"": 151.71445, ""rf_chain"": 0, ""snr"": 6.2, ""time"": ""2021-05-06T21:04:09.498446Z"", ""latitude"": -32.97858, ""rssi"": -105, ""channel"": 3}, {""gtw_id"": ""eui-00800000a00026ba"", ""timestamp"": 1784559531, ""altitude"": 125, ""longitude"": 151.69392, ""rf_chain"": 0, ""snr"": 9, ""time"": ""2021-05-06T21:04:09.498442Z"", ""latitude"": -32.96714, ""rssi"": -69, ""channel"": 3}], ""time"": ""2021-05-06T21:04:09.544504586Z"", ""latitude"": -32.96599}"
42,2021-05-07T06:54:09+10:00,dlb_atm41_5282,DLB ATM41 Charlestown Skate Park,-32.96599,151.69513,"-32.96599,151.69513","{""location_source"": ""registry"", ""data_rate"": ""SF7BW125"", ""modulation"": ""LORA"", ""longitude"": 151.69513, ""coding_rate"": ""4/5"", ""frequency"": 922.8, ""gateways"": [{""gtw_id"": ""eui-00800000a000656c"", ""timestamp"": 2295257044, ""altitude"": 12, ""longitude"": 151.6574, ""rf_chain"": 0, ""snr"": -6.5, ""time"": """", ""latitude"": -33.08059, ""rssi"": -114, ""channel"": 5}, {""gtw_id"": ""eui-00800000a00065fa"", ""timestamp"": 4277504892, ""altitude"": 49, ""longitude"": 151.64552, ""rf_chain"": 0, ""snr"": 6.2, ""time"": """", ""latitude"": -32.93292, ""rssi"": -109, ""channel"": 5}, {""gtw_id"": ""eui-00800000a00034d2"", ""timestamp"": 1445030788, ""altitude"": 132, ""longitude"": 151.71443, ""rf_chain"": 0, ""snr"": 8.8, ""time"": ""2021-05-06T20:54:09.082477Z"", ""latitude"": -32.97856, ""rssi"": -103, ""channel"": 5}], ""time"": ""2021-05-06T20:54:09.110183871Z"", ""latitude"": -32.96599}"
43,2021-05-07T06:44:05+10:00,dlb_atm41_5282,DLB ATM41 Charlestown Skate Park,-32.96599,151.69513,"-32.96599,151.69513","{""location_source"": ""registry"", ""data_rate"": ""SF7BW125"", ""modulation"": ""LORA"", ""longitude"": 151.69513, ""coding_rate"": ""4/5"", ""frequency"": 923.2, ""gateways"": [{""gtw_id"": ""eui-00800000a00065f4"", ""timestamp"": 2206626419, ""altitude"": 32, ""longitude"": 151.64317, ""rf_chain"": 0, ""snr"": -3, ""time"": ""2021-05-06T20:44:05.339044Z"", ""latitude"": -32.97125, ""rssi"": -119, ""channel"": 0}, {""gtw_id"": ""eui-00800000a00065fa"", ""timestamp"": 3673762107, ""altitude"": 39, ""longitude"": 151.64558, ""rf_chain"": 0, ""snr"": 6.5, ""time"": """", ""latitude"": -32.93294, ""rssi"": -112, ""channel"": 0}, {""gtw_id"": ""eui-00800000a00034d2"", ""timestamp"": 841288123, ""altitude"": 133, ""longitude"": 151.71445, ""rf_chain"": 0, ""snr"": 8.2, ""time"": ""2021-05-06T20:44:05.339037Z"", ""latitude"": -32.97856, ""rssi"": -106, ""channel"": 0}, {""gtw_id"": ""eui-00800000a00026ba"", ""timestamp"": 580401707, ""altitude"": 126, ""longitude"": 151.69394, ""rf_chain"": 0, ""snr"": 8.5, ""time"": ""2021-05-06T20:44:05.339029Z"", ""latitude"": -32.96713, ""rssi"": -73, ""channel"": 0}], ""time"": ""2021-05-06T20:44:05.413726852Z"", ""latitude"": -32.96599}"
44,2021-05-07T06:34:07+10:00,dlb_atm41_5282,DLB ATM41 Charlestown Skate Park,-32.96599,151.69513,"-32.96599,151.69513","{""location_source"": ""registry"", ""data_rate"": ""SF7BW125"", ""modulation"": ""LORA"", ""longitude"": 151.69513, ""coding_rate"": ""4/5"", ""frequency"": 922.8, ""gateways"": [{""gtw_id"": ""eui-00800000a00065fa"", ""timestamp"": 3075851276, ""altitude"": 36, ""longitude"": 151.64558, ""rf_chain"": 0, ""snr"": 5.8, ""time"": ""2021-05-06T20:34:07.427559Z"", ""latitude"": -32.93292, ""rssi"": -109, ""channel"": 5}, {""gtw_id"": ""eui-00800000a00034d2"", ""timestamp"": 243377404, ""altitude"": 134, ""longitude"": 151.71445, ""rf_chain"": 0, ""snr"": 9.5, ""time"": ""2021-05-06T20:34:07.427549Z"", ""latitude"": -32.97856, ""rssi"": -103, ""channel"": 5}], ""time"": ""2021-05-06T20:34:07.449389525Z"", ""latitude"": -32.96599}"
45,2021-05-07T06:24:08+10:00,dlb_atm41_5282,DLB ATM41 Charlestown Skate Park,-32.96599,151.69513,"-32.96599,151.69513","{""location_source"": ""registry"", ""data_rate"": ""SF7BW125"", ""modulation"": ""LORA"", ""longitude"": 151.69513, ""coding_rate"": ""4/5"", ""frequency"": 922.4, ""gateways"": [{""gtw_id"": ""eui-00800000a000656c"", ""timestamp"": 494571707, ""altitude"": 10, ""longitude"": 151.65741, ""rf_chain"": 0, ""snr"": -4.8, ""time"": ""2021-05-06T20:24:08.395145Z"", ""latitude"": -33.08057, ""rssi"": -116, ""channel"": 3}, {""gtw_id"": ""eui-00800000a00065fa"", ""timestamp"": 2476819499, ""altitude"": 42, ""longitude"": 151.6455, ""rf_chain"": 0, ""snr"": 5.8, ""time"": ""2021-05-06T20:24:08.395123Z"", ""latitude"": -32.93291, ""rssi"": -108, ""channel"": 3}, {""gtw_id"": ""eui-00800000a00034d2"", ""timestamp"": 3939313035, ""altitude"": 133, ""longitude"": 151.71445, ""rf_chain"": 0, ""snr"": 8, ""time"": ""2021-05-06T20:24:08.395113Z"", ""latitude"": -32.97854, ""rssi"": -105, ""channel"": 3}, {""gtw_id"": ""eui-00800000a00026ba"", ""timestamp"": 52733563, ""altitude"": 124, ""longitude"": 151.69394, ""rf_chain"": 0, ""snr"": 8.5, ""time"": ""2021-05-06T20:24:08.395104Z"", ""latitude"": -32.96716, ""rssi"": -70, ""channel"": 3}], ""time"": ""2021-05-06T20:24:08.420773707Z"", ""latitude"": -32.96599}"
46,2021-05-07T06:14:09+10:00,dlb_atm41_5282,DLB ATM41 Charlestown Skate Park,-32.96599,151.69513,"-32.96599,151.69513","{""location_source"": ""registry"", ""data_rate"": ""SF7BW125"", ""modulation"": ""LORA"", ""longitude"": 151.69513, ""coding_rate"": ""4/5"", ""frequency"": 923, ""gateways"": [{""gtw_id"": ""eui-00800000a00065f4"", ""timestamp"": 411217124, ""altitude"": 39, ""longitude"": 151.64333, ""rf_chain"": 0, ""snr"": -8.2, ""time"": ""2021-05-06T20:14:09.928406Z"", ""latitude"": -32.97123, ""rssi"": -120, ""channel"": 6}, {""gtw_id"": ""eui-00800000a00065fa"", ""timestamp"": 1878353444, ""altitude"": 60, ""longitude"": 151.64552, ""rf_chain"": 0, ""snr"": 5.8, ""time"": """", ""latitude"": -32.93287, ""rssi"": -108, ""channel"": 6}, {""gtw_id"": ""eui-00800000a00034d2"", ""timestamp"": 3340847092, ""altitude"": 132, ""longitude"": 151.71443, ""rf_chain"": 0, ""snr"": 6.2, ""time"": ""2021-05-06T20:14:09.928397Z"", ""latitude"": -32.97856, ""rssi"": -107, ""channel"": 6}, {""gtw_id"": ""eui-00800000a00026ba"", ""timestamp"": 3749234948, ""altitude"": 124, ""longitude"": 151.69388, ""rf_chain"": 0, ""snr"": 7.5, ""time"": ""2021-05-06T20:14:09.928384Z"", ""latitude"": -32.96707, ""rssi"": -68, ""channel"": 6}], ""time"": ""2021-05-06T20:14:09.950804751Z"", ""latitude"": -32.96599}"
47,2021-05-07T06:04:09+10:00,dlb_atm41_5282,DLB ATM41 Charlestown Skate Park,-32.96599,151.69513,"-32.96599,151.69513","{""location_source"": ""registry"", ""data_rate"": ""SF7BW125"", ""modulation"": ""LORA"", ""longitude"": 151.69513, ""coding_rate"": ""4/5"", ""frequency"": 923.4, ""gateways"": [{""gtw_id"": ""eui-00800000a00065f4"", ""timestamp"": 4105432723, ""altitude"": 46, ""longitude"": 151.64342, ""rf_chain"": 0, ""snr"": 0.2, ""time"": ""2021-05-06T20:04:09.176257Z"", ""latitude"": -32.97125, ""rssi"": -118, ""channel"": 1}, {""gtw_id"": ""eui-00800000a00065fa"", ""timestamp"": 1277601963, ""altitude"": 49, ""longitude"": 151.64548, ""rf_chain"": 0, ""snr"": 5.2, ""time"": """", ""latitude"": -32.93292, ""rssi"": -113, ""channel"": 1}, {""gtw_id"": ""eui-00800000a00034d2"", ""timestamp"": 2740095731, ""altitude"": 129, ""longitude"": 151.71442, ""rf_chain"": 0, ""snr"": 7.8, ""time"": ""2021-05-06T20:04:09.176253Z"", ""latitude"": -32.97857, ""rssi"": -109, ""channel"": 1}, {""gtw_id"": ""eui-00800000a00026ba"", ""timestamp"": 3148483627, ""altitude"": 120, ""longitude"": 151.69386, ""rf_chain"": 0, ""snr"": 10, ""time"": ""2021-05-06T20:04:09.176244Z"", ""latitude"": -32.96708, ""rssi"": -75, ""channel"": 1}], ""time"": ""2021-05-06T20:04:09.213508108Z"", ""latitude"": -32.96599}"
48,2021-05-07T05:54:05+10:00,dlb_atm41_5282,DLB ATM41 Charlestown Skate Park,-32.96599,151.69513,"-32.96599,151.69513","{""location_source"": ""registry"", ""data_rate"": ""SF7BW125"", ""modulation"": ""LORA"", ""longitude"": 151.69513, ""coding_rate"": ""4/5"", ""frequency"": 922.2, ""gateways"": [{""gtw_id"": ""eui-00800000a00065fa"", ""timestamp"": 673739219, ""altitude"": 48, ""longitude"": 151.64542, ""rf_chain"": 0, ""snr"": 5.2, ""time"": ""2021-05-06T19:54:05.312859Z"", ""latitude"": -32.93294, ""rssi"": -107, ""channel"": 2}, {""gtw_id"": ""eui-00800000a00026ba"", ""timestamp"": 2544621051, ""altitude"": 114, ""longitude"": 151.69382, ""rf_chain"": 0, ""snr"": 8.5, ""time"": ""2021-05-06T19:54:05.312838Z"", ""latitude"": -32.96708, ""rssi"": -68, ""channel"": 2}, {""gtw_id"": ""eui-00800000a00034d2"", ""timestamp"": 2136233115, ""altitude"": 131, ""longitude"": 151.7144, ""rf_chain"": 0, ""snr"": 9, ""time"": ""2021-05-06T19:54:05.312847Z"", ""latitude"": -32.97856, ""rssi"": -100, ""channel"": 2}], ""time"": ""2021-05-06T19:54:05.350787177Z"", ""latitude"": -32.96599}"
